{
	"ID": 3,
	"NAME": "UNET_3D",
	"TIME": "00:15:27",
	"INPUT_SHAPE": [
		null,
		1,
		128,
		128,
		128
	],
	"DATA": "CT",
	"CLASS_NUM": 8,
	"IMAGE_SIZE": 128,
	"CV_RATE": 0.8,
	"CV_SEED": 223,
	"EPOCHS": 30,
	"BATCH_SIZE": 1,
	"LEARNINGRATE": 1e-05,
	"DIMENSION": "3D",
	"COMPILE": {
		"OPTIMIZER": "<class 'keras.optimizers.Adam'>",
		"LOSS": "<function weighted_dice_coefficient_loss at 0x000001DC0BA33D90>",
		"METRICS": "['loss', 'dice_coefficient']"
	},
	"HISTORY": {
		"epochs": 30,
		"steps": 16,
		"verbose": 1,
		"do_validation": true,
		"metrics": [
			"loss",
			"dice_coefficient",
			"val_loss",
			"val_dice_coefficient"
		],
		"LOSS": [
			-0.016097140731289983,
			-0.018776752520352602,
			-0.02377855422673747,
			-0.02676427096594125,
			-0.020824061415623873,
			-0.02672515856102109,
			-0.028213591955136508,
			-0.02877598110353574,
			-0.02608063555089757,
			-0.02595760812982917,
			-0.03733055596239865,
			-0.08827172755263746,
			-0.23454174841754138,
			-0.11073289741761982,
			-0.36180684994906187,
			-0.36681871116161346,
			-0.4086818750947714,
			-0.3706120057031512,
			-0.4038964519277215,
			-0.46571979112923145,
			-0.431401627138257,
			-0.5417432580143213,
			-0.492571615613997,
			-0.4579087607562542,
			-0.42209962382912636,
			-0.49556777253746986,
			-0.4693987984210253,
			-0.4275320880115032,
			-0.4805696550756693,
			-0.4905009865760803
		],
		"DSC_TOTAL": [
			0.016098063089884818,
			0.01877766364486888,
			0.023779447481501848,
			0.026765134651213884,
			0.02082490688189864,
			0.02672592841554433,
			0.028214332240168005,
			0.028776743274647743,
			0.026081420364789665,
			0.025958446320146322,
			0.03733161272248253,
			0.08827458508312702,
			0.2345505622215569,
			0.11073519964702427,
			0.36181826516985893,
			0.3668328574858606,
			0.408695412799716,
			0.3706216784194112,
			0.4039072338491678,
			0.465731643140316,
			0.4314122376963496,
			0.5417546723037958,
			0.4925812901929021,
			0.457918313331902,
			0.4221083614975214,
			0.49557994212955236,
			0.4694075994193554,
			0.42754251323640347,
			0.4805803410708904,
			0.49051304534077644
		],
		"VAL_LOSS": [
			-0.014245911734178662,
			-0.015672230627387762,
			-0.01745236641727388,
			-0.01677219243720174,
			-0.02297428552992642,
			-0.017348800087347627,
			-0.029547890881076455,
			-0.031392154516652226,
			-0.01767760468646884,
			-0.01601444184780121,
			-0.05601892713457346,
			-0.18234825879335403,
			-0.0670488029718399,
			-0.2556045204401016,
			-0.4085516557097435,
			-0.38323838263750076,
			-0.40020516514778137,
			-0.33451109379529953,
			-0.3148510009050369,
			-0.42277292162179947,
			-0.4045337736606598,
			-0.4646691232919693,
			-0.4650205224752426,
			-0.5478489771485329,
			-0.45101476460695267,
			-0.46220865100622177,
			-0.512418620288372,
			-0.3467342182993889,
			-0.38416673243045807,
			-0.4799703434109688
		],
		"VAL_DSC_TOTAL": [
			0.0142468330450356,
			0.015673141926527023,
			0.017453259555622935,
			0.016773061361163855,
			0.022975066676735878,
			0.017349527683109045,
			0.029548621270805597,
			0.03139287396334112,
			0.017678439617156982,
			0.016015381552278996,
			0.05602041073143482,
			0.18235496804118156,
			0.0670504979789257,
			0.255613025277853,
			0.40856486558914185,
			0.3832515552639961,
			0.40021955221891403,
			0.334523044526577,
			0.314862996339798,
			0.4227846562862396,
			0.40454620122909546,
			0.46468570083379745,
			0.46503429114818573,
			0.5478682070970535,
			0.45102550834417343,
			0.46222130209207535,
			0.512436218559742,
			0.3467535749077797,
			0.38419612497091293,
			0.4799857959151268
		]
	}
}