{
	"ID": 1,
	"NAME": "UNET_3D",
	"TIME": "00:15:21",
	"INPUT_SHAPE": [
		null,
		1,
		128,
		128,
		128
	],
	"DATA": "CT",
	"CLASS_NUM": 1,
	"IMAGE_SIZE": 128,
	"CV_RATE": 0.8,
	"CV_SEED": 223,
	"EPOCHS": 30,
	"BATCH_SIZE": 1,
	"LEARNINGRATE": 1e-05,
	"DIMENSION": "3D",
	"COMPILE": {
		"OPTIMIZER": "<class 'keras.optimizers.Adam'>",
		"LOSS": "<function weighted_dice_coefficient_loss at 0x000001853C955A60>",
		"METRICS": "['loss', 'dice_coefficient']"
	},
	"HISTORY": {
		"epochs": 30,
		"steps": 16,
		"verbose": 1,
		"do_validation": true,
		"metrics": [
			"loss",
			"dice_coefficient",
			"val_loss",
			"val_dice_coefficient"
		],
		"LOSS": [
			-0.10127301421016455,
			-0.10346412705257535,
			-0.11142440931871533,
			-0.1119444405194372,
			-0.1265237727202475,
			-0.15379614289849997,
			-0.13139701122418046,
			-0.13022225815802813,
			-0.1867462289519608,
			-0.15351605461910367,
			-0.43389512319117785,
			-0.6846727356314659,
			-0.6767452768981457,
			-0.732903428375721,
			-0.7055244781076908,
			-0.7156132683157921,
			-0.7579676173627377,
			-0.7591729499399662,
			-0.7380012609064579,
			-0.7524291835725307,
			-0.6909839492291212,
			-0.7616656869649887,
			-0.756150234490633,
			-0.761054016649723,
			-0.7634254470467567,
			-0.7450283952057362,
			-0.7584648579359055,
			-0.7884109206497669,
			-0.7707909941673279,
			-0.7752423249185085
		],
		"DSC_TOTAL": [
			0.10127378720790148,
			0.10346489632502198,
			0.11142516182735562,
			0.11194518744014204,
			0.126524455845356,
			0.1537967468611896,
			0.1313976813107729,
			0.13022293196991086,
			0.18674685526639223,
			0.15351689280942082,
			0.433896672911942,
			0.6846744436770678,
			0.6767472736537457,
			0.7329048290848732,
			0.7055263742804527,
			0.7156150210648775,
			0.7579691298305988,
			0.7591741606593132,
			0.7380027063190937,
			0.7524303868412971,
			0.6909854952245951,
			0.7616671025753021,
			0.7561521753668785,
			0.761054951697588,
			0.7634269669651985,
			0.7450299970805645,
			0.7584664672613144,
			0.7884121239185333,
			0.7707924284040928,
			0.7752438858151436
		],
		"VAL_LOSS": [
			-0.080619634129107,
			-0.06387503445148468,
			-0.07834268733859062,
			-0.10546987317502499,
			-0.11432778276503086,
			-0.1158626340329647,
			-0.13568224385380745,
			-0.09922189265489578,
			-0.1417929958552122,
			-0.18070512637495995,
			-0.68636454641819,
			-0.7611491233110428,
			-0.7389887571334839,
			-0.7998655736446381,
			-0.7923194468021393,
			-0.805923193693161,
			-0.7969396412372589,
			-0.7914950251579285,
			-0.7542982846498489,
			-0.5487633496522903,
			-0.7048977017402649,
			-0.7451196163892746,
			-0.6456415802240372,
			-0.7071756720542908,
			-0.7393179833889008,
			-0.8018391877412796,
			-0.8019637614488602,
			-0.7936132252216339,
			-0.7597408890724182,
			-0.810962438583374
		],
		"VAL_DSC_TOTAL": [
			0.08062043692916632,
			0.06387586705386639,
			0.07834348827600479,
			0.10547061823308468,
			0.11432844400405884,
			0.11586333811283112,
			0.13568292185664177,
			0.09922261908650398,
			0.14179372042417526,
			0.18070649355649948,
			0.6863663494586945,
			0.7611508965492249,
			0.7389902919530869,
			0.7998667061328888,
			0.7923209071159363,
			0.8059243857860565,
			0.7969411909580231,
			0.7914965450763702,
			0.7543002963066101,
			0.5487673580646515,
			0.7049002796411514,
			0.7451218366622925,
			0.6456449329853058,
			0.7071782499551773,
			0.7393201589584351,
			0.8018404096364975,
			0.8019649833440781,
			0.7936147451400757,
			0.7597429156303406,
			0.8109637647867203
		]
	}
}