{
	"ID": 2,
	"NAME": "UNET_3D",
	"TIME": "00:00:51",
	"INPUT_SHAPE": [
		null,
		1,
		128,
		128,
		128
	],
	"DATA": "CT",
	"CLASS_NUM": 8,
	"IMAGE_SIZE": 128,
	"CV_RATE": 0.8,
	"CV_SEED": 223,
	"EPOCHS": 1,
	"BATCH_SIZE": 1,
	"LEARNINGRATE": 1e-05,
	"DIMENSION": "3D",
	"COMPILE": {
		"OPTIMIZER": "<class 'keras.optimizers.Adam'>",
		"LOSS": "<function weighted_dice_coefficient_loss at 0x0000023DCE915A60>",
		"METRICS": "['loss', 'dice_coefficient', 'DSC_0', 'DSC_1', 'DSC_2', 'DSC_3', 'DSC_4', 'DSC_5', 'DSC_6', 'DSC_7']"
	},
	"HISTORY": {
		"epochs": 1,
		"steps": 16,
		"verbose": 1,
		"do_validation": true,
		"metrics": [
			"loss",
			"dice_coefficient",
			"DSC_0",
			"DSC_1",
			"DSC_2",
			"DSC_3",
			"DSC_4",
			"DSC_5",
			"DSC_6",
			"DSC_7",
			"val_loss",
			"val_dice_coefficient",
			"val_DSC_0",
			"val_DSC_1",
			"val_DSC_2",
			"val_DSC_3",
			"val_DSC_4",
			"val_DSC_5",
			"val_DSC_6",
			"val_DSC_7"
		],
		"LOSS": [
			-0.007548264256911352
		],
		"DSC_TOTAL": [
			0.014670206524897367
		],
		"VAL_LOSS": [
			-0.0067045759642496705
		],
		"VAL_DSC_TOTAL": [
			0.014674719423055649
		],
		"DSC0": [
			0.015446836361661553
		],
		"DSC1": [
			0.007752014906145632
		],
		"DSC2": [
			0.0064046923944260925
		],
		"DSC3": [
			0.006057194856111892
		],
		"DSC4": [
			0.006570492347236723
		],
		"DSC5": [
			0.007959744427353144
		],
		"DSC6": [
			0.005215162367676385
		],
		"DSC7": [
			0.005233690899331123
		],
		"VAL_DSC0": [
			0.015442848205566406
		],
		"VAL_DSC1": [
			0.005953355459496379
		],
		"VAL_DSC2": [
			0.005202277679927647
		],
		"VAL_DSC3": [
			0.0056727955816313624
		],
		"VAL_DSC4": [
			0.0052642738446593285
		],
		"VAL_DSC5": [
			0.006599851883947849
		],
		"VAL_DSC6": [
			0.005674078245647252
		],
		"VAL_DSC7": [
			0.00411074876319617
		]
	}
}