{
	"ID": 9,
	"NAME": "UNET_3D",
	"TIME": "00:00:52",
	"INPUT_SHAPE": [
		null,
		1,
		128,
		128,
		128
	],
	"DATA": "CT",
	"CLASS_NUM": 8,
	"IMAGE_SIZE": 128,
	"CV_RATE": 0.8,
	"CV_SEED": 223,
	"EPOCHS": 1,
	"BATCH_SIZE": 1,
	"LEARNINGRATE": 1e-05,
	"DIMENSION": "3D",
	"COMPILE": {
		"OPTIMIZER": "<class 'keras.optimizers.Adam'>",
		"LOSS": "<function weighted_dice_coefficient_loss at 0x000002265702FD08>",
		"METRICS": "['loss', 'dice_coefficient', 'DSC_0', 'DSC_1', 'DSC_2', 'DSC_3', 'DSC_4', 'DSC_5', 'DSC_6', 'DSC_7']"
	},
	"HISTORY": {
		"epochs": 1,
		"steps": 16,
		"verbose": 1,
		"do_validation": true,
		"metrics": [
			"loss",
			"dice_coefficient",
			"DSC_0",
			"DSC_1",
			"DSC_2",
			"DSC_3",
			"DSC_4",
			"DSC_5",
			"DSC_6",
			"DSC_7",
			"val_loss",
			"val_dice_coefficient",
			"val_DSC_0",
			"val_DSC_1",
			"val_DSC_2",
			"val_DSC_3",
			"val_DSC_4",
			"val_DSC_5",
			"val_DSC_6",
			"val_DSC_7"
		],
		"LOSS": [
			-0.008089019043836743
		],
		"DSC_TOTAL": [
			0.014681032975204289
		],
		"VAL_LOSS": [
			-0.008745396276935935
		],
		"VAL_DSC_TOTAL": [
			0.014680575113743544
		],
		"DSC0": [
			0.015466562588699162
		],
		"DSC1": [
			0.007587483705719933
		],
		"DSC2": [
			0.006935444107512012
		],
		"DSC3": [
			0.006905552319949493
		],
		"DSC4": [
			0.006860190114821307
		],
		"DSC5": [
			0.008213032560888678
		],
		"DSC6": [
			0.006701051504933275
		],
		"DSC7": [
			0.00627726354287006
		],
		"VAL_DSC0": [
			0.015453302767127752
		],
		"VAL_DSC1": [
			0.008698750287294388
		],
		"VAL_DSC2": [
			0.006603258196264505
		],
		"VAL_DSC3": [
			0.00906475749798119
		],
		"VAL_DSC4": [
			0.007203754736110568
		],
		"VAL_DSC5": [
			0.009998609311878681
		],
		"VAL_DSC6": [
			0.006526174955070019
		],
		"VAL_DSC7": [
			0.006630614632740617
		]
	}
}